District,Year,Total Enrollment,Grade PK,Grade K,Grade 1,Grade 2,Grade 3,Grade 4,Grade 5,Grade 6,Grade 7,Grade 8,Grade 9,Grade 10,Grade 11,Grade 12,# Female,% Female,# Male,% Male,# Asian,% Asian,# Black,% Black,# Hispanic,% Hispanic,# Other,% Other,# White,% White,# Students with Disabilities,% Students with Disabilities,# English Language Learners,% English Language Learners,# Poverty,% Poverty
01,2011-12,13020,1131,958,1025,1016,917,860,886,943,858,836,888,1053,888,761,6493,49.9%,6527,50.1%,3029,23.3%,2251,17.3%,5504,42.3%,205,1.6%,2031,15.6%,2312,17.8%,1512,11.6%,9346,71.8%
01,2012-13,12813,1109,937,942,984,977,907,809,862,908,854,842,1109,812,761,6322,49.3%,6491,50.7%,2944,23.0%,2199,17.2%,5352,41.8%,262,2.0%,2056,16.0%,2459,19.2%,1386,10.8%,9010,70.3%
01,2013-14,12492,985,942,927,882,947,943,858,749,848,898,725,1129,907,752,6167,49.4%,6325,50.6%,2868,23.0%,2162,17.3%,5110,40.9%,307,2.5%,2045,16.4%,2585,20.7%,1306,10.5%,8871,71.0%
01,2014-15,12316,1106,901,934,897,871,920,912,826,743,844,659,983,890,830,6040,49.0%,6276,51.0%,2812,22.8%,2083,16.9%,5039,40.9%,302,2.5%,2080,16.9%,2550,20.7%,1200,9.7%,8697,70.6%
01,2015-16,12009,842,905,912,899,858,849,904,854,825,798,660,974,862,867,5873,48.9%,6136,51.1%,2565,21.4%,2027,16.9%,5024,41.8%,328,2.7%,2065,17.2%,2449,20.4%,1092,9.1%,8332,69.4%
02,2011-12,62319,1394,3107,3002,2782,2652,2516,2373,2441,2286,2331,10391,10610,8666,7768,32574,52.3%,29745,47.7%,14623,23.5%,11347,18.2%,21904,35.1%,1169,1.9%,13276,21.3%,8729,14.0%,6964,11.2%,39672,63.7%
02,2012-13,62757,1321,3287,3116,2928,2700,2645,2477,2316,2411,2283,10523,10042,8652,8056,32990,52.6%,29767,47.4%,14635,23.3%,11054,17.6%,21707,34.6%,1497,2.4%,13864,22.1%,9036,14.4%,6704,10.7%,39698,63.3%
02,2013-14,62741,1348,3113,3213,3031,2852,2665,2608,2406,2325,2473,9994,10030,8415,8268,32842,52.3%,29899,47.7%,14688,23.4%,10796,17.2%,21226,33.8%,1731,2.8%,14300,22.8%,9506,15.2%,6361,10.1%,38972,62.1%
02,2014-15,62854,1642,3139,3068,3086,2901,2845,2584,2494,2390,2319,10124,9706,8599,7957,32917,52.4%,29937,47.6%,14595,23.2%,10299,16.4%,21067,33.5%,2039,3.2%,14854,23.6%,9793,15.6%,5776,9.2%,38048,60.5%
02,2015-16,63493,2307,3012,2966,2909,2966,2886,2762,2558,2462,2412,9971,9765,8239,8278,33244,52.4%,30249,47.6%,14707,23.2%,10003,15.8%,20921,33.0%,2406,3.8%,15456,24.3%,10077,15.9%,5203,8.2%,37389,58.9%
03,2011-12,23157,966,1537,1513,1574,1373,1460,1435,1425,1364,1313,2649,2572,2174,1802,12415,53.6%,10742,46.4%,1770,7.6%,6506,28.1%,8068,34.8%,457,2.0%,6356,27.4%,3263,14.1%,1649,7.1%,13909,60.1%
03,2012-13,23119,853,1540,1503,1484,1569,1357,1438,1396,1415,1357,2399,2551,2223,2034,12304,53.2%,10815,46.8%,1784,7.7%,6115,26.5%,8092,35.0%,510,2.2%,6618,28.6%,3395,14.7%,1472,6.4%,12825,55.5%
03,2013-14,23098,860,1483,1532,1391,1457,1489,1334,1432,1371,1427,2467,2444,2310,2101,12307,53.3%,10791,46.7%,1809,7.8%,5825,25.2%,8106,35.1%,691,3.0%,6667,28.9%,3634,15.7%,1394,6.0%,12730,55.1%
03,2014-15,22920,986,1507,1501,1432,1356,1423,1456,1351,1390,1354,2290,2473,2135,2266,12266,53.5%,10654,46.5%,1786,7.8%,5476,23.9%,7947,34.7%,838,3.7%,6873,30.0%,3806,16.6%,1267,5.5%,12268,53.5%
03,2015-16,22866,1106,1476,1511,1447,1401,1293,1398,1469,1333,1371,2377,2436,2164,2084,12245,53.6%,10621,46.4%,1766,7.7%,5326,23.3%,7742,33.9%,972,4.3%,7060,30.9%,3689,16.1%,1179,5.2%,11291,49.4%
04,2011-12,14325,885,1051,1057,1090,1080,1125,1093,1085,1138,1154,933,1036,836,762,7359,51.4%,6966,48.6%,831,5.8%,3988,27.8%,8911,62.2%,177,1.2%,418,2.9%,2894,20.2%,1655,11.6%,12612,88.0%
04,2012-13,14450,995,1109,1121,1068,1098,1101,1084,1063,1090,1110,1052,911,822,826,7433,51.4%,7017,48.6%,887,6.1%,3920,27.1%,9007,62.3%,182,1.3%,454,3.1%,3088,21.4%,1614,11.2%,12967,89.7%
04,2013-14,14265,1050,1027,1094,1105,1083,1067,1072,1050,1038,1076,1068,985,765,785,7322,51.3%,6943,48.7%,921,6.5%,3815,26.7%,8799,61.7%,221,1.5%,509,3.6%,3274,23.0%,1509,10.6%,13045,91.4%
04,2014-15,14220,1086,993,1076,1090,1081,1075,1041,1052,1041,1035,1034,1012,850,754,7257,51.0%,6963,49.0%,954,6.7%,3729,26.2%,8731,61.4%,242,1.7%,564,4.0%,3307,23.3%,1491,10.5%,12939,91.0%
04,2015-16,13946,989,988,1024,1034,1043,1035,1054,996,1040,1041,990,1005,889,818,7153,51.3%,6793,48.7%,989,7.1%,3560,25.5%,8501,61.0%,296,2.1%,600,4.3%,3192,22.9%,1386,9.9%,12563,90.1%
05,2011-12,13985,1211,913,921,946,969,903,910,953,1031,1053,1301,1216,871,787,7013,50.1%,6972,49.9%,351,2.5%,7737,55.3%,5370,38.4%,132,0.9%,395,2.8%,2321,16.6%,1506,10.8%,11716,83.8%
05,2012-13,13563,1234,854,943,890,922,895,792,911,942,1000,1262,1173,929,816,6619,48.8%,6944,51.2%,365,2.7%,7264,53.6%,5327,39.3%,161,1.2%,446,3.3%,2392,17.6%,1398,10.3%,11539,85.1%
05,2013-14,13150,1178,840,849,878,916,858,759,849,917,960,1233,1099,899,915,6385,48.6%,6765,51.4%,397,3.0%,6920,52.6%,5142,39.1%,216,1.6%,475,3.6%,2576,19.6%,1297,9.9%,11069,84.2%
05,2014-15,12943,1349,818,870,852,867,875,805,797,868,935,1106,1060,862,879,6254,48.3%,6689,51.7%,427,3.3%,6685,51.6%,5078,39.2%,244,1.9%,509,3.9%,2623,20.3%,1154,8.9%,10677,82.5%
05,2015-16,12440,1175,814,860,859,805,867,799,779,770,890,1015,983,951,873,6008,48.3%,6432,51.7%,449,3.6%,6204,49.9%,4979,40.0%,267,2.1%,541,4.3%,2454,19.7%,1096,8.8%,9978,80.2%
06,2011-12,26419,1555,2131,2259,2216,2236,2103,1878,1937,2009,2326,1663,1539,1250,1317,12878,48.7%,13541,51.3%,278,1.1%,1922,7.3%,23204,87.8%,133,0.5%,882,3.3%,3694,14.0%,8867,33.6%,24330,92.1%
06,2012-13,25562,1281,2092,2215,2144,2155,2176,1749,1853,1970,2057,1746,1519,1192,1413,12389,48.5%,13173,51.5%,287,1.1%,1889,7.4%,22403,87.6%,124,0.5%,859,3.4%,3820,14.9%,8229,32.2%,23265,91.0%
06,2013-14,25091,1394,2007,2195,2095,2094,2117,1775,1678,1908,2038,1717,1542,1102,1429,12160,48.5%,12931,51.5%,291,1.2%,1883,7.5%,21811,86.9%,163,0.6%,943,3.8%,4119,16.4%,7678,30.6%,22609,90.1%
06,2014-15,24817,1859,1953,2001,2090,2008,2058,1714,1736,1763,1893,1763,1506,1174,1299,12100,48.8%,12717,51.2%,297,1.2%,1851,7.5%,21467,86.5%,169,0.7%,1033,4.2%,4233,17.1%,7117,28.7%,21876,88.1%
06,2015-16,24419,1986,1916,1983,1933,2005,1983,1676,1669,1755,1796,1775,1515,1109,1318,11896,48.7%,12523,51.3%,301,1.2%,1806,7.4%,21024,86.1%,187,0.8%,1101,4.5%,4193,17.2%,6577,26.9%,20951,85.8%
07,2011-12,20396,1310,1320,1391,1322,1423,1318,1292,1341,1401,1350,1935,1872,1530,1589,9610,47.1%,10786,52.9%,210,1.0%,5783,28.4%,14080,69.0%,131,0.6%,192,0.9%,4086,20.0%,3660,17.9%,18428,90.4%
07,2012-13,20091,1196,1262,1369,1334,1378,1366,1242,1371,1310,1410,1889,1878,1607,1479,9505,47.3%,10586,52.7%,210,1.0%,5623,28.0%,13910,69.2%,158,0.8%,190,0.9%,4229,21.0%,3611,18.0%,18853,93.8%
07,2013-14,20195,1161,1265,1367,1342,1358,1300,1292,1343,1347,1315,2135,1913,1515,1542,9507,47.1%,10688,52.9%,230,1.1%,5501,27.2%,14093,69.8%,177,0.9%,194,1.0%,4450,22.0%,3478,17.2%,18914,93.7%
07,2014-15,20696,1477,1326,1353,1343,1277,1348,1268,1264,1347,1337,2177,2140,1435,1604,9733,47.0%,10963,53.0%,247,1.2%,5593,27.0%,14378,69.5%,162,0.8%,316,1.5%,4513,21.8%,3458,16.7%,19270,93.1%
07,2015-16,20596,1429,1332,1377,1304,1273,1240,1343,1143,1271,1337,2073,2139,1619,1716,9667,46.9%,10929,53.1%,228,1.1%,5522,26.8%,14382,69.8%,176,0.9%,288,1.4%,4572,22.2%,3343,16.2%,19016,92.3%
08,2011-12,32216,1775,2278,2381,2207,2204,2234,2325,2229,2300,2369,3183,2758,1809,2164,15878,49.3%,16338,50.7%,1502,4.7%,8109,25.2%,20408,63.3%,245,0.8%,1952,6.1%,6306,19.6%,3738,11.6%,28058,87.1%
08,2012-13,31240,1795,2273,2456,2317,2098,2147,2236,2183,2209,2316,2763,2349,1952,2146,15314,49.0%,15926,51.0%,1515,4.8%,7732,24.8%,19848,63.5%,281,0.9%,1864,6.0%,6106,19.5%,3507,11.2%,27758,88.9%
08,2013-14,30453,1975,2262,2462,2296,2249,2042,2139,2113,2142,2242,2489,2163,1758,2121,14993,49.2%,15460,50.8%,1467,4.8%,7443,24.4%,19355,63.6%,333,1.1%,1855,6.1%,6671,21.9%,3424,11.2%,27289,89.6%
08,2014-15,30166,2171,2367,2355,2286,2234,2286,2024,2028,2099,2162,2374,2201,1667,1912,14706,48.8%,15460,51.2%,1537,5.1%,7182,23.8%,19056,63.2%,373,1.2%,2018,6.7%,6899,22.9%,3586,11.9%,27045,89.7%
08,2015-16,29783,2127,2204,2396,2255,2211,2240,2251,1896,2057,2124,2414,2089,1708,1811,14428,48.4%,15355,51.6%,1591,5.3%,6885,23.1%,19097,64.1%,372,1.2%,1838,6.2%,6604,22.2%,3523,11.8%,26386,88.6%
09,2011-12,35864,1778,3077,3020,2954,2832,2732,2636,2891,2922,2844,2570,2291,1790,1527,17612,49.1%,18251,50.9%,470,1.3%,11266,31.4%,23702,66.1%,200,0.6%,226,0.6%,6234,17.4%,8720,24.3%,33807,94.3%
09,2012-13,36205,1845,2980,3199,2986,2944,2724,2634,2831,2943,2904,2461,2329,1819,1606,17685,48.8%,18520,51.2%,486,1.3%,11255,31.1%,23960,66.2%,256,0.7%,248,0.7%,6605,18.2%,8619,23.8%,34423,95.1%
09,2013-14,36813,1898,3060,3192,3132,3023,2781,2638,2807,2880,2921,2382,2360,2027,1712,18064,49.1%,18749,50.9%,484,1.3%,11216,30.5%,24525,66.6%,271,0.7%,317,0.9%,7347,20.0%,8435,22.9%,35039,95.2%
09,2014-15,37312,2464,3005,3128,3132,3001,2902,2675,2723,2861,2834,2420,2284,2038,1845,18182,48.7%,19130,51.3%,539,1.4%,11207,30.0%,24841,66.6%,266,0.7%,459,1.2%,7620,20.4%,8195,22.0%,35167,94.3%
09,2015-16,37439,2766,3013,3045,2994,3010,2945,2812,2668,2750,2848,2474,2278,1967,1869,18375,49.1%,19064,50.9%,521,1.4%,11007,29.4%,25209,67.3%,281,0.8%,421,1.1%,7413,19.8%,8155,21.8%,34597,92.4%
10,2011-12,58997,2689,4397,4579,4288,4157,3934,4082,4035,3769,3765,5708,5298,4270,4026,29079,49.3%,29918,50.7%,4513,7.6%,11121,18.9%,39621,67.2%,380,0.6%,3362,5.7%,9943,16.9%,12568,21.3%,50377,85.4%
10,2012-13,57445,2164,4428,4644,4351,4157,3988,3838,3777,3891,3839,5312,4937,3992,4127,28084,48.9%,29361,51.1%,4434,7.7%,10404,18.1%,38858,67.6%,501,0.9%,3248,5.7%,10142,17.7%,12001,20.9%,50466,87.9%
10,2013-14,57339,2210,4456,4778,4550,4270,4113,4013,3714,3673,4005,4932,4639,3845,4141,28119,49.0%,29220,51.0%,4323,7.5%,10217,17.8%,38804,67.7%,667,1.2%,3328,5.8%,10895,19.0%,11724,20.4%,50468,88.0%
10,2014-15,57714,3032,4566,4641,4516,4443,4264,4075,3758,3716,3747,4870,4481,3731,3874,28202,48.9%,29512,51.1%,4299,7.4%,9852,17.1%,39242,68.0%,782,1.4%,3539,6.1%,11244,19.5%,11537,20.0%,50473,87.5%
10,2015-16,57738,3652,4260,4648,4574,4407,4401,4134,3713,3734,3704,4666,4343,3756,3746,28143,48.7%,29595,51.3%,4216,7.3%,9546,16.5%,39707,68.8%,934,1.6%,3335,5.8%,10848,18.8%,10954,19.0%,49481,85.7%
11,2011-12,39545,1750,2928,3300,3177,3275,3121,3245,3081,3034,3022,3266,2730,1842,1774,18828,47.6%,20717,52.4%,2721,6.9%,17014,43.0%,16505,41.7%,426,1.1%,2879,7.3%,6735,17.0%,3965,10.0%,33961,85.9%
11,2012-13,39811,1818,3110,3313,3299,3267,3098,3115,3124,3050,3057,3202,2753,1696,1909,18994,47.7%,20817,52.3%,2781,7.0%,17043,42.8%,16472,41.4%,529,1.3%,2986,7.5%,6915,17.4%,3845,9.7%,34610,86.9%
11,2013-14,39954,1952,3159,3417,3285,3280,3163,3065,2993,3159,3069,3087,2722,1837,1766,18966,47.5%,20988,52.5%,2894,7.2%,16908,42.3%,16536,41.4%,643,1.6%,2973,7.4%,7483,18.7%,3739,9.4%,35129,87.9%
11,2014-15,41182,2890,3175,3414,3371,3247,3263,3114,2928,3007,3171,3039,2661,1944,1958,19769,48.0%,21413,52.0%,3047,7.4%,17363,42.2%,16640,40.4%,748,1.8%,3384,8.2%,7782,18.9%,3803,9.2%,35657,86.6%
11,2015-16,41390,3209,3118,3387,3425,3329,3230,3282,2944,2937,3096,2944,2552,1906,2031,19833,47.9%,21557,52.1%,3083,7.4%,17056,41.2%,17131,41.4%,764,1.8%,3356,8.1%,7571,18.3%,3911,9.4%,35038,84.7%
12,2011-12,24353,1435,1896,1976,1865,1889,1795,1831,1800,1754,1898,1920,1788,1479,1027,12168,50.0%,12185,50.0%,481,2.0%,6734,27.7%,16683,68.5%,190,0.8%,265,1.1%,4552,18.7%,4642,19.1%,22576,92.7%
12,2012-13,24466,1421,1891,2013,1927,1866,1808,1764,1782,1800,1788,1871,1927,1431,1177,12149,49.7%,12317,50.3%,479,2.0%,6625,27.1%,16844,68.8%,257,1.1%,261,1.1%,4679,19.1%,4551,18.6%,22946,93.8%
12,2013-14,24653,1415,1955,2069,1930,1976,1795,1764,1717,1794,1785,1777,1828,1578,1270,12164,49.3%,12489,50.7%,500,2.0%,6646,27.0%,16908,68.6%,316,1.3%,283,1.1%,4941,20.0%,4369,17.7%,23169,94.0%
12,2014-15,25000,1631,1956,2051,2000,1857,1986,1701,1680,1736,1796,1907,1808,1523,1368,12278,49.1%,12722,50.9%,542,2.2%,6633,26.5%,17054,68.2%,357,1.4%,414,1.7%,5154,20.6%,4521,18.1%,23345,93.4%
12,2015-16,24848,1613,1888,1983,2011,1892,1865,1912,1625,1702,1703,1849,1860,1538,1407,12222,49.2%,12626,50.8%,571,2.3%,6349,25.6%,17302,69.6%,307,1.2%,319,1.3%,5033,20.3%,4420,17.8%,22801,91.8%
13,2011-12,23347,896,1234,1168,1136,1115,1047,971,1095,1138,1114,3240,3271,2998,2924,11187,47.9%,12160,52.1%,4029,17.3%,13265,56.8%,3574,15.3%,265,1.1%,2214,9.5%,2632,11.3%,1057,4.5%,17575,75.3%
13,2012-13,23129,797,1271,1285,1150,1121,1047,968,942,1017,1064,3293,3184,2872,3118,11231,48.6%,11898,51.4%,4113,17.8%,12587,54.4%,3661,15.8%,440,1.9%,2328,10.1%,2698,11.7%,1001,4.3%,16814,72.7%
13,2013-14,22551,842,1215,1301,1219,1146,1039,938,828,960,995,2999,3139,2787,3143,10945,48.5%,11606,51.5%,4196,18.6%,11716,52.0%,3609,16.0%,556,2.5%,2474,11.0%,2926,13.0%,996,4.4%,16316,72.4%
13,2014-15,22253,1115,1201,1240,1242,1178,1084,941,723,755,913,3008,2929,2908,3016,10726,48.2%,11527,51.8%,4134,18.6%,11072,49.8%,3601,16.2%,672,3.0%,2774,12.5%,2952,13.3%,954,4.3%,15719,70.6%
13,2015-16,22010,1233,1168,1223,1178,1191,1106,1026,691,714,746,3014,2986,2690,3044,10592,48.1%,11418,51.9%,4166,18.9%,10521,47.8%,3572,16.2%,714,3.2%,3037,13.8%,2841,12.9%,923,4.2%,14691,66.7%
14,2011-12,21835,1781,1388,1310,1345,1400,1294,1284,1411,1341,1405,2508,2030,1630,1706,10697,49.0%,11138,51.0%,739,3.4%,5738,26.3%,12671,58.0%,118,0.5%,2569,11.8%,3806,17.4%,2482,11.4%,19553,89.5%
14,2012-13,21196,1677,1414,1400,1282,1288,1312,1236,1310,1378,1337,2391,2080,1526,1565,10167,48.0%,11029,52.0%,794,3.7%,5312,25.1%,12420,58.6%,161,0.8%,2509,11.8%,3833,18.1%,2374,11.2%,19203,90.6%
14,2013-14,21064,1600,1413,1459,1366,1219,1279,1234,1274,1322,1378,1979,2132,1795,1614,10084,47.9%,10980,52.1%,849,4.0%,5109,24.3%,12421,59.0%,205,1.0%,2480,11.8%,4119,19.6%,2295,10.9%,18958,90.0%
14,2014-15,20761,1701,1317,1393,1359,1257,1170,1204,1291,1234,1300,2147,1975,1645,1768,9934,47.8%,10827,52.2%,846,4.1%,4774,23.0%,12155,58.5%,319,1.5%,2667,12.8%,4071,19.6%,2286,11.0%,18244,87.9%
14,2015-16,19995,1557,1275,1303,1360,1299,1247,1107,1262,1273,1220,1975,1862,1568,1687,9497,47.5%,10498,52.5%,869,4.3%,4474,22.4%,11693,58.5%,354,1.8%,2605,13.0%,3929,19.6%,2102,10.5%,17130,85.7%
15,2011-12,28772,2222,2986,2995,2854,2644,2546,2382,1716,1586,1697,1498,1563,1144,939,14583,50.7%,14189,49.3%,3991,13.9%,5064,17.6%,12453,43.3%,401,1.4%,6863,23.9%,5038,17.5%,4721,16.4%,20138,70.0%
15,2012-13,29627,1887,3172,3182,2974,2802,2601,2475,1765,1675,1657,1683,1688,987,1079,15008,50.7%,14619,49.3%,4462,15.1%,4919,16.6%,12287,41.5%,521,1.8%,7438,25.1%,5399,18.2%,5116,17.3%,20885,70.5%
15,2013-14,30729,2096,3228,3316,3113,2907,2744,2529,1772,1723,1684,1668,1649,1234,1066,15455,50.3%,15274,49.7%,4806,15.6%,4831,15.7%,12375,40.3%,679,2.2%,8038,26.2%,5844,19.0%,5189,16.9%,21419,69.7%
15,2014-15,31916,2457,3233,3252,3262,3004,2836,2683,1772,1753,1708,1721,1735,1312,1188,16094,50.4%,15822,49.6%,5110,16.0%,4866,15.2%,12493,39.1%,786,2.5%,8661,27.1%,5840,18.3%,5528,17.3%,21614,67.7%
15,2015-16,32630,2743,3202,3220,3161,3107,2917,2738,1949,1744,1761,1674,1748,1366,1300,16457,50.4%,16173,49.6%,5186,15.9%,4800,14.7%,12438,38.1%,972,3.0%,9234,28.3%,5849,17.9%,5178,15.9%,21546,66.0%
16,2011-12,10354,972,751,809,783,758,774,761,675,684,632,594,644,763,754,4933,47.6%,5421,52.4%,124,1.2%,8393,81.1%,1642,15.9%,96,0.9%,99,1.0%,2118,20.5%,397,3.8%,8883,85.8%
16,2012-13,9634,864,662,792,736,759,751,706,569,645,665,533,549,544,859,4581,47.6%,5053,52.4%,131,1.4%,7728,80.2%,1605,16.7%,75,0.8%,95,1.0%,2028,21.1%,408,4.2%,8525,88.5%
16,2013-14,9063,889,660,690,727,705,700,605,522,549,641,538,543,480,814,4328,47.8%,4735,52.2%,137,1.5%,7208,79.5%,1535,16.9%,79,0.9%,104,1.1%,2060,22.7%,380,4.2%,8114,89.5%
16,2014-15,8314,817,643,604,622,668,644,588,426,514,511,552,511,482,732,3967,47.7%,4347,52.3%,140,1.7%,6496,78.1%,1476,17.8%,99,1.2%,103,1.2%,1939,23.3%,378,4.5%,7227,86.9%
16,2015-16,7687,805,527,596,578,606,616,567,382,403,490,523,521,476,597,3633,47.3%,4054,52.7%,117,1.5%,5916,77.0%,1425,18.5%,109,1.4%,120,1.6%,1771,23.0%,317,4.1%,6574,85.5%
17,2011-12,27353,1634,1705,1862,1850,1905,1856,1755,2041,2098,2124,2369,2485,1801,1868,14088,51.5%,13265,48.5%,583,2.1%,22387,81.8%,3374,12.3%,256,0.9%,753,2.8%,3729,13.6%,2598,9.5%,23714,86.7%
17,2012-13,26500,1714,1655,1846,1747,1710,1773,1637,1931,2015,2094,2401,2402,1785,1790,13467,50.8%,13033,49.2%,573,2.2%,21386,80.7%,3398,12.8%,372,1.4%,771,2.9%,3844,14.5%,2585,9.8%,23421,88.4%
17,2013-14,25604,1782,1531,1750,1759,1672,1564,1571,1725,1914,1955,2203,2387,1911,1880,12957,50.6%,12647,49.4%,581,2.3%,20481,80.0%,3422,13.4%,419,1.6%,701,2.7%,4017,15.7%,2502,9.8%,22575,88.2%
17,2014-15,25523,2310,1549,1559,1659,1641,1598,1399,1687,1784,1903,2254,2210,1959,2011,12773,50.0%,12750,50.0%,599,2.3%,20095,78.7%,3574,14.0%,477,1.9%,778,3.0%,4156,16.3%,2382,9.3%,22045,86.4%
17,2015-16,24497,2359,1448,1540,1494,1540,1566,1423,1466,1702,1778,2095,2229,1754,2103,12252,50.0%,12245,50.0%,607,2.5%,18923,77.2%,3656,14.9%,512,2.1%,799,3.3%,3909,16.0%,2258,9.2%,20361,83.1%
18,2011-12,18592,675,1247,1431,1421,1594,1667,1604,1463,1451,1534,1229,1336,972,968,9213,49.6%,9379,50.4%,191,1.0%,16804,90.4%,1217,6.5%,106,0.6%,274,1.5%,2729,14.7%,1032,5.6%,15659,84.2%
18,2012-13,18050,682,1322,1354,1413,1419,1552,1514,1393,1431,1470,1196,1361,953,990,8978,49.7%,9072,50.3%,189,1.0%,16272,90.1%,1127,6.2%,132,0.7%,330,1.8%,2816,15.6%,913,5.1%,15392,85.3%
18,2013-14,17614,799,1148,1386,1308,1437,1385,1329,1367,1373,1467,1146,1281,1141,1047,8709,49.4%,8904,50.6%,198,1.1%,15662,88.9%,1157,6.6%,180,1.0%,417,2.4%,2991,17.0%,895,5.1%,14856,84.3%
18,2014-15,17452,1277,1162,1256,1319,1275,1403,1205,1187,1325,1339,1314,1294,1051,1045,8569,49.1%,8883,50.9%,213,1.2%,15318,87.8%,1270,7.3%,258,1.5%,393,2.3%,2946,16.9%,815,4.7%,14450,82.8%
18,2015-16,16991,1437,1112,1237,1170,1321,1281,1311,1036,1171,1332,1168,1301,1073,1041,8338,49.1%,8653,50.9%,213,1.3%,14842,87.4%,1225,7.2%,295,1.7%,416,2.4%,2891,17.0%,758,4.5%,13474,79.3%
19,2011-12,25890,1715,1941,2140,2012,2116,2110,1989,1882,1863,1874,1763,1535,1307,1643,12459,48.1%,13431,51.9%,1566,6.0%,13347,51.6%,10413,40.2%,233,0.9%,331,1.3%,3808,14.7%,3062,11.8%,23494,90.7%
19,2012-13,25374,1671,1973,2082,2030,1959,1923,1983,1812,1800,1847,1853,1621,1184,1636,12145,47.9%,13229,52.1%,1583,6.2%,12876,50.7%,10284,40.5%,271,1.1%,360,1.4%,4084,16.1%,2930,11.5%,23064,90.9%
19,2013-14,24798,1693,1894,2070,2004,1975,1896,1816,1792,1764,1803,1749,1455,1174,1713,11794,47.6%,13004,52.4%,1555,6.3%,12338,49.8%,10206,41.2%,335,1.4%,364,1.5%,4560,18.4%,2791,11.3%,22518,90.8%
19,2014-15,24163,2015,1718,1909,1992,1887,1912,1742,1638,1789,1764,1653,1452,1253,1439,11487,47.5%,12676,52.5%,1634,6.8%,11720,48.5%,10079,41.7%,343,1.4%,387,1.6%,4675,19.3%,2767,11.5%,21623,89.5%
19,2015-16,24062,1976,1871,1878,1892,1948,1904,1879,1577,1666,1776,1740,1394,1053,1508,11479,47.7%,12583,52.3%,1715,7.1%,11410,47.4%,10178,42.3%,392,1.6%,367,1.5%,4512,18.8%,2749,11.4%,20868,86.7%
20,2011-12,47421,3013,3913,3811,3714,3513,3313,3163,3599,3463,3528,3671,3964,2405,2351,22471,47.4%,24950,52.6%,18754,39.5%,1849,3.9%,12337,26.0%,178,0.4%,14303,30.2%,6445,13.6%,11795,24.9%,38944,82.1%
20,2012-13,48425,2608,4028,4169,3787,3663,3521,3318,3456,3676,3584,3937,3784,2368,2526,23088,47.7%,25337,52.3%,19564,40.4%,1773,3.7%,12658,26.1%,278,0.6%,14152,29.2%,6741,13.9%,12144,25.1%,38427,79.4%
20,2013-14,49506,2333,4029,4290,4160,3852,3671,3532,3589,3494,3838,3879,3628,2640,2571,23574,47.6%,25932,52.4%,20585,41.6%,1800,3.6%,12966,26.2%,371,0.7%,13784,27.8%,7095,14.3%,12176,24.6%,40092,81.0%
20,2014-15,51080,2695,4181,4231,4220,4160,3869,3678,3790,3676,3581,3929,3872,2440,2758,24519,48.0%,26561,52.0%,21430,42.0%,1698,3.3%,13385,26.2%,424,0.8%,14143,27.7%,7279,14.3%,12580,24.6%,41310,80.9%
20,2015-16,52932,3778,3984,4362,4164,4157,4173,3836,3898,3834,3745,3646,3941,2718,2696,25545,48.3%,27387,51.7%,22481,42.5%,1652,3.1%,13835,26.1%,499,0.9%,14465,27.3%,7427,14.0%,12217,23.1%,41781,78.9%
21,2011-12,34964,1977,2083,2140,2151,1934,1959,1958,2649,2621,2748,3613,3995,2540,2596,17043,48.7%,17921,51.3%,8750,25.0%,6310,18.0%,8242,23.6%,218,0.6%,11444,32.7%,5416,15.5%,5471,15.6%,26973,77.1%
21,2012-13,34922,2089,2196,2155,2094,2173,1938,1913,2759,2702,2665,3320,3633,2649,2636,17030,48.8%,17892,51.2%,8731,25.0%,5930,17.0%,8407,24.1%,273,0.8%,11581,33.2%,5658,16.2%,5323,15.2%,27752,79.5%
21,2013-14,34943,1972,2163,2316,2121,2097,2086,1893,2740,2740,2752,3395,3237,2588,2843,16966,48.6%,17977,51.4%,8761,25.1%,5669,16.2%,8675,24.8%,357,1.0%,11481,32.9%,5859,16.8%,5195,14.9%,27634,79.1%
21,2014-15,35814,2350,2173,2228,2291,2115,2112,2023,2826,2793,2780,3637,3353,2440,2693,17358,48.5%,18456,51.5%,8843,24.7%,5729,16.0%,8988,25.1%,455,1.3%,11799,32.9%,6006,16.8%,5429,15.2%,28398,79.3%
21,2015-16,36565,2753,2199,2270,2233,2279,2086,2119,2901,2875,2854,3547,3425,2465,2559,17780,48.6%,18785,51.4%,8905,24.4%,5643,15.4%,9145,25.0%,574,1.6%,12298,33.6%,6255,17.1%,5567,15.2%,28405,77.7%
22,2011-12,37212,2370,2760,2945,2825,2875,2966,3002,2283,2305,2442,2771,3021,2265,2381,18619,50.0%,18593,50.0%,6190,16.6%,14937,40.1%,5224,14.0%,262,0.7%,10599,28.5%,4913,13.2%,3668,9.9%,27012,72.6%
22,2012-13,36608,2194,2874,2968,2890,2791,2827,2885,2243,2296,2317,3000,2718,2238,2367,18127,49.5%,18481,50.5%,6260,17.1%,14202,38.8%,5214,14.2%,357,1.0%,10575,28.9%,5026,13.7%,3631,9.9%,26117,71.3%
22,2013-14,35912,2147,2801,3077,2943,2832,2750,2768,2163,2247,2305,2629,2854,2023,2373,17700,49.3%,18212,50.7%,6398,17.8%,13288,37.0%,5178,14.4%,438,1.2%,10610,29.5%,5236,14.6%,3534,9.8%,25535,71.1%
22,2014-15,35745,2672,2750,2919,3044,2874,2818,2687,2067,2140,2261,2449,2703,2207,2154,17624,49.3%,18121,50.7%,6576,18.4%,12594,35.2%,5285,14.8%,510,1.4%,10780,30.2%,5361,15.0%,3602,10.1%,25339,70.9%
22,2015-16,35775,2772,2745,2903,2856,2966,2839,2758,2063,2087,2129,2589,2581,2186,2301,17618,49.2%,18157,50.8%,6694,18.7%,12065,33.7%,5430,15.2%,603,1.7%,10983,30.7%,5438,15.2%,3440,9.6%,25327,70.8%
23,2011-12,11874,858,807,876,919,997,910,864,1249,1190,1299,628,519,335,423,5778,48.7%,6096,51.3%,110,0.9%,9436,79.5%,2163,18.2%,66,0.6%,99,0.8%,2123,17.9%,506,4.3%,10803,91.0%
23,2012-13,11301,818,854,844,832,894,866,792,1065,1219,1181,524,555,419,438,5351,47.3%,5950,52.7%,129,1.1%,8782,77.7%,2187,19.4%,109,1.0%,94,0.8%,2172,19.2%,526,4.7%,10304,91.2%
23,2013-14,10767,890,779,856,779,795,853,686,1031,1017,1189,496,544,439,413,5117,47.5%,5650,52.5%,94,0.9%,8341,77.5%,2114,19.6%,121,1.1%,97,0.9%,2312,21.5%,466,4.3%,9679,89.9%
23,2014-15,10459,831,795,818,850,758,779,774,894,994,1018,480,492,438,538,4964,47.5%,5495,52.5%,99,0.9%,8000,76.5%,2132,20.4%,129,1.2%,99,0.9%,2358,22.5%,476,4.6%,9322,89.1%
23,2015-16,9952,827,727,811,781,761,749,685,938,856,975,397,468,433,544,4646,46.7%,5306,53.3%,100,1.0%,7550,75.9%,2072,20.8%,131,1.3%,99,1.0%,2176,21.9%,446,4.5%,8640,86.8%
24,2011-12,57585,3696,4982,5046,4911,4654,4529,4249,3916,3978,4070,3911,3391,2954,3298,27212,47.3%,30373,52.7%,11375,19.8%,2009,3.5%,35744,62.1%,242,0.4%,8215,14.3%,7190,12.5%,13037,22.6%,47642,82.7%
24,2012-13,58656,3683,5211,5112,5016,4904,4612,4395,4043,4129,4054,3645,3562,2839,3451,27796,47.4%,30860,52.6%,11664,19.9%,1889,3.2%,36377,62.0%,381,0.6%,8345,14.2%,7646,13.0%,12844,21.9%,49744,84.8%
24,2013-14,59750,3660,5235,5342,5033,4987,4795,4523,3968,4284,4222,3773,3487,3153,3288,28247,47.3%,31503,52.7%,11827,19.8%,1860,3.1%,37157,62.2%,492,0.8%,8414,14.1%,8411,14.1%,12875,21.5%,51194,85.7%
24,2014-15,60211,3466,5182,5325,5164,4977,4928,4641,4134,4181,4333,3886,3514,2961,3519,28524,47.4%,31687,52.6%,11789,19.6%,1803,3.0%,37613,62.5%,503,0.8%,8503,14.1%,8911,14.8%,13011,21.6%,51372,85.3%
24,2015-16,60556,3688,5123,5209,5211,5128,4970,4748,4206,4228,4184,3897,3648,2974,3342,28554,47.2%,32002,52.8%,11971,19.8%,1741,2.9%,37704,62.3%,589,1.0%,8551,14.1%,9087,15.0%,12807,21.1%,51153,84.5%
25,2011-12,36436,2319,2795,2749,2775,2498,2452,2349,2592,2488,2421,3429,2777,2423,2368,17878,49.1%,18558,50.9%,16252,44.6%,3776,10.4%,10374,28.5%,265,0.7%,5769,15.8%,4476,12.3%,6418,17.6%,25832,70.9%
25,2012-13,37096,2350,3102,2882,2699,2716,2461,2449,2455,2588,2529,3084,2762,2428,2591,18178,49.0%,18918,51.0%,16991,45.8%,3700,10.0%,10481,28.3%,305,0.8%,5619,15.1%,4761,12.8%,6454,17.4%,26635,71.8%
25,2013-14,37279,2375,2918,3129,2826,2683,2639,2503,2489,2483,2637,3048,2530,2338,2681,18209,48.8%,19070,51.2%,17422,46.7%,3458,9.3%,10562,28.3%,402,1.1%,5435,14.6%,5063,13.6%,6491,17.4%,26784,71.8%
25,2014-15,38140,2816,2934,2991,3108,2796,2676,2632,2584,2513,2512,3129,2683,2233,2533,18629,48.8%,19511,51.2%,17942,47.0%,3311,8.7%,10939,28.7%,478,1.3%,5470,14.3%,5199,13.6%,6893,18.1%,27459,72.0%
25,2015-16,38587,3033,2830,2990,2970,3075,2801,2706,2709,2572,2522,3151,2732,2331,2165,18952,49.1%,19635,50.9%,18548,48.1%,3105,8.0%,11068,28.7%,540,1.4%,5326,13.8%,5120,13.3%,6482,16.8%,26978,69.9%
26,2011-12,31930,1214,1683,1661,1742,1672,1668,1674,1937,1805,1916,3753,3890,3759,3556,15735,49.3%,16195,50.7%,16062,50.3%,4306,13.5%,5264,16.5%,257,0.8%,6041,18.9%,3889,12.2%,2438,7.6%,17335,54.3%
26,2012-13,32003,1235,1804,1727,1671,1790,1720,1707,1857,1931,1891,3948,3610,3412,3700,15781,49.3%,16222,50.7%,16186,50.6%,4224,13.2%,5284,16.5%,412,1.3%,5897,18.4%,3956,12.4%,2494,7.8%,18273,57.1%
26,2013-14,31982,1271,1800,1898,1756,1719,1856,1736,1922,1868,1969,4198,3508,3340,3141,15604,48.8%,16378,51.2%,16296,51.0%,4024,12.6%,5383,16.8%,516,1.6%,5763,18.0%,4157,13.0%,2406,7.5%,18334,57.3%
26,2014-15,32273,1477,1850,1861,1951,1770,1756,1877,1905,1914,1925,4279,3547,3307,2854,15754,48.8%,16519,51.2%,16616,51.5%,3943,12.2%,5480,17.0%,573,1.8%,5661,17.5%,4278,13.3%,2336,7.2%,18439,57.1%
26,2015-16,32780,1661,1805,1857,1890,1965,1813,1779,2018,1904,1976,4138,3773,3212,2989,15976,48.7%,16804,51.3%,16957,51.7%,3886,11.9%,5557,17.0%,631,1.9%,5749,17.5%,4314,13.2%,2108,6.4%,18218,55.6%
27,2011-12,47511,2500,3763,3757,3631,3713,3611,3642,3718,3710,3836,3407,3140,2958,2125,22951,48.3%,24560,51.7%,11368,23.9%,13261,27.9%,17116,36.0%,816,1.7%,4950,10.4%,6699,14.1%,4455,9.4%,39419,83.0%
27,2012-13,47203,2590,3908,3711,3708,3552,3630,3531,3805,3696,3711,3420,3050,2691,2200,22727,48.1%,24476,51.9%,11282,23.9%,12932,27.4%,16914,35.8%,1149,2.4%,4926,10.4%,6918,14.7%,4245,9.0%,38996,82.6%
27,2013-14,45926,2518,3707,3859,3612,3529,3480,3570,3578,3679,3649,3229,2727,2624,2165,21935,47.8%,23991,52.2%,10734,23.4%,12114,26.4%,16839,36.7%,1588,3.5%,4651,10.1%,7248,15.8%,4068,8.9%,38459,83.7%
27,2014-15,46094,2817,3542,3748,3844,3536,3486,3493,3644,3614,3714,3403,2562,2514,2177,22042,47.8%,24052,52.2%,10540,22.9%,11573,25.1%,17340,37.6%,1944,4.2%,4697,10.2%,7606,16.5%,4424,9.6%,38267,83.0%
27,2015-16,46045,3248,3514,3631,3732,3766,3564,3531,3598,3657,3594,3096,2706,2253,2155,21966,47.7%,24079,52.3%,10560,22.9%,11220,24.4%,17449,37.9%,2045,4.4%,4771,10.4%,7458,16.2%,4335,9.4%,37052,80.5%
28,2011-12,39358,2388,2729,2746,2747,2723,2583,2550,2584,2292,2327,3980,3733,3079,2897,19460,49.4%,19898,50.6%,11765,29.9%,10541,26.8%,9784,24.9%,888,2.3%,6380,16.2%,5210,13.2%,4213,10.7%,29013,73.7%
28,2012-13,39643,2075,2826,2863,2749,2671,2636,2503,2401,2439,2277,3990,3763,3319,3131,19779,49.9%,19864,50.1%,11586,29.2%,10036,25.3%,10136,25.6%,1349,3.4%,6536,16.5%,5253,13.3%,4075,10.3%,29652,74.8%
28,2013-14,40444,2142,2835,2957,2807,2711,2561,2617,2404,2327,2456,3954,3904,3392,3377,20112,49.7%,20332,50.3%,11748,29.0%,9982,24.7%,10501,26.0%,1649,4.1%,6564,16.2%,5645,14.0%,3910,9.7%,30214,74.7%
28,2014-15,41339,2613,2814,2958,2855,2795,2694,2514,2435,2386,2383,4108,3812,3555,3417,20451,49.5%,20888,50.5%,11914,28.8%,9980,24.1%,11054,26.7%,1877,4.5%,6514,15.8%,5881,14.2%,3839,9.3%,31502,76.2%
28,2015-16,42337,3107,2933,2884,2897,2848,2699,2633,2458,2429,2396,3967,4099,3485,3502,20826,49.2%,21511,50.8%,12142,28.7%,9907,23.4%,11399,26.9%,2031,4.8%,6858,16.2%,5931,14.0%,3831,9.0%,29898,70.6%
29,2011-12,28236,1701,2432,2564,2548,2513,2592,2625,2395,2470,2610,1348,979,741,718,13942,49.4%,14294,50.6%,4166,14.8%,19271,68.2%,3769,13.3%,449,1.6%,581,2.1%,3706,13.1%,2010,7.1%,23056,81.7%
29,2012-13,27889,1456,2478,2663,2487,2532,2469,2564,2355,2479,2464,1272,1134,824,712,13712,49.2%,14177,50.8%,4223,15.1%,18767,67.3%,3770,13.5%,564,2.0%,565,2.0%,3904,14.0%,1969,7.1%,22680,81.3%
29,2013-14,27645,1575,2379,2707,2561,2438,2470,2422,2209,2374,2462,1200,1090,945,813,13569,49.1%,14076,50.9%,4189,15.2%,18465,66.8%,3804,13.8%,684,2.5%,503,1.8%,4212,15.2%,1893,6.8%,22628,81.9%
29,2014-15,28167,2361,2262,2472,2641,2517,2424,2387,2196,2230,2382,1348,1076,954,917,13764,48.9%,14403,51.1%,4204,14.9%,18669,66.3%,3983,14.1%,810,2.9%,501,1.8%,4379,15.5%,1982,7.0%,22688,80.5%
29,2015-16,28007,2262,2382,2315,2424,2614,2519,2359,2244,2265,2233,1215,1221,957,997,13649,48.7%,14358,51.3%,4218,15.1%,18209,65.0%,4077,14.6%,1016,3.6%,487,1.7%,4246,15.2%,1947,7.0%,21742,77.6%
30,2011-12,41463,2588,3207,3198,3115,3124,3018,3100,3424,3057,3077,2946,3127,2406,2076,20578,49.6%,20885,50.4%,9417,22.7%,3112,7.5%,22263,53.7%,276,0.7%,6395,15.4%,5219,12.6%,8473,20.4%,34353,82.9%
30,2012-13,41418,2627,3291,3352,3103,2993,3103,3083,3351,3239,3068,2606,2899,2299,2404,20478,49.4%,20940,50.6%,9373,22.6%,3019,7.3%,22184,53.6%,421,1.0%,6421,15.5%,5436,13.1%,8143,19.7%,35043,84.6%
30,2013-14,41218,2639,3131,3408,3219,3085,2910,3125,3400,3232,3290,2756,2706,2080,2237,20335,49.3%,20883,50.7%,9200,22.3%,2923,7.1%,22154,53.7%,504,1.2%,6437,15.6%,5682,13.8%,7751,18.8%,35079,85.1%
30,2014-15,41470,3087,3222,3225,3328,3134,3050,2902,3423,3215,3241,2926,2758,1930,2029,20467,49.4%,21003,50.6%,9207,22.2%,2852,6.9%,22264,53.7%,653,1.6%,6494,15.7%,5781,13.9%,7577,18.3%,35333,85.2%
30,2015-16,41300,3177,3179,3216,3107,3238,3030,3052,3215,3324,3186,2870,2651,2023,2032,20414,49.4%,20886,50.6%,9087,22.0%,2826,6.8%,22127,53.6%,752,1.8%,6508,15.8%,5660,13.7%,6835,16.5%,33914,82.1%
31,2011-12,62036,3579,4650,4638,4622,4801,4623,4370,4301,4157,4277,5479,4847,4049,3643,30253,48.8%,31783,51.2%,5064,8.2%,8719,14.1%,15386,24.8%,515,0.8%,32352,52.2%,12114,19.5%,3454,5.6%,34671,55.9%
31,2012-13,61898,3521,4677,4760,4560,4623,4710,4604,4108,4246,4193,5319,4800,4095,3682,30040,48.5%,31858,51.5%,5088,8.2%,8345,13.5%,15838,25.6%,747,1.2%,31880,51.5%,12709,20.5%,3309,5.3%,35285,57.0%
31,2013-14,62021,3536,4666,4807,4635,4504,4532,4706,4235,4080,4280,5186,4975,4048,3831,30162,48.6%,31858,51.4%,5077,8.2%,8150,13.1%,16422,26.5%,932,1.5%,31440,50.7%,13473,21.7%,3177,5.1%,35364,57.0%
31,2014-15,62335,3905,4602,4810,4693,4625,4485,4508,4303,4286,4127,5102,4954,4202,3733,30382,48.7%,31953,51.3%,5128,8.2%,8147,13.1%,17030,27.3%,980,1.6%,31050,49.8%,13788,22.1%,3182,5.1%,35553,57.0%
31,2015-16,62638,4124,4520,4708,4745,4698,4627,4497,4207,4305,4311,4920,4750,4310,3916,30469,48.6%,32169,51.4%,5343,8.5%,8142,13.0%,17368,27.7%,1173,1.9%,30612,48.9%,13755,22.0%,3135,5.0%,34602,55.2%
32,2011-12,15665,1194,1299,1309,1275,1267,1220,1308,1327,1329,1310,636,967,568,656,7791,49.7%,7874,50.3%,279,1.8%,3315,21.2%,11772,75.1%,85,0.5%,214,1.4%,2308,14.7%,3001,19.2%,14621,93.3%
32,2012-13,14910,1092,1181,1277,1201,1227,1147,1180,1334,1304,1269,732,959,499,508,7379,49.5%,7531,50.5%,256,1.7%,3032,20.3%,11336,76.0%,80,0.5%,206,1.4%,2392,16.0%,2780,18.6%,13968,93.7%
32,2013-14,14636,1226,1091,1221,1203,1155,1171,1149,1229,1289,1269,644,875,572,542,7253,49.6%,7383,50.4%,264,1.8%,2856,19.5%,11191,76.5%,106,0.7%,219,1.5%,2627,17.9%,2608,17.8%,13800,94.3%
32,2014-15,14011,1433,996,1059,1118,1098,1091,1090,1128,1192,1237,642,878,534,515,6886,49.1%,7125,50.9%,269,1.9%,2569,18.3%,10848,77.4%,81,0.6%,244,1.7%,2532,18.1%,2567,18.3%,13239,94.5%
32,2015-16,13104,1279,930,979,983,1033,1014,1050,1115,1100,1189,553,851,500,528,6419,49.0%,6685,51.0%,258,2.0%,2291,17.5%,10245,78.2%,80,0.6%,230,1.8%,2351,17.9%,2382,18.2%,11971,91.4%
75,2011-12,22895,347,1149,1323,1411,1536,1595,1592,1547,1568,1529,2008,1843,1490,3957,6217,27.2%,16678,72.8%,1402,6.1%,9533,41.6%,8555,37.4%,271,1.2%,3134,13.7%,21702,94.8%,3613,15.8%,19670,85.9%
75,2012-13,23473,328,1362,1434,1507,1554,1605,1658,1519,1562,1652,2200,1590,1483,4019,6407,27.3%,17066,72.7%,1530,6.5%,9358,39.9%,8902,37.9%,493,2.1%,3190,13.6%,22184,94.5%,4042,17.2%,22783,97.1%
75,2013-14,23304,323,1513,1651,1599,1621,1570,1577,1547,1524,1565,2043,1641,1251,3879,6281,27.0%,17023,73.0%,1480,6.4%,8882,38.1%,8815,37.8%,1092,4.7%,3035,13.0%,22755,97.6%,4253,18.3%,23046,98.9%
75,2014-15,23472,301,1368,1773,1742,1665,1639,1600,1477,1561,1533,1987,1697,1360,3769,6351,27.1%,17121,72.9%,1627,6.9%,8961,38.2%,9359,39.9%,358,1.5%,3167,13.5%,22936,97.7%,4522,19.3%,23271,99.1%
75,2015-16,23963,317,1411,1632,1878,1815,1702,1644,1500,1508,1589,1998,1733,1495,3741,6542,27.3%,17421,72.7%,1700,7.1%,8968,37.4%,9575,40.0%,468,2.0%,3252,13.6%,23451,97.9%,4714,19.7%,23751,99.1%
79,2011-12,6224,0,0,0,0,0,0,0,7,31,74,959,4754,212,187,2060,33.1%,4164,66.9%,431,6.9%,2805,45.1%,2580,41.5%,111,1.8%,297,4.8%,1504,24.2%,1371,22.0%,4988,80.1%
79,2012-13,5671,0,0,0,0,0,0,1,7,31,87,914,4320,198,113,1878,33.1%,3793,66.9%,392,6.9%,2655,46.8%,2291,40.4%,78,1.4%,255,4.5%,1381,24.4%,1324,23.3%,2942,51.9%
79,2013-14,5574,0,0,0,0,0,1,2,10,39,90,869,4276,167,120,1985,35.6%,3589,64.4%,406,7.3%,2557,45.9%,2258,40.5%,92,1.7%,261,4.7%,811,14.5%,1287,23.1%,3156,56.6%
79,2014-15,4934,0,0,0,0,0,0,1,10,34,136,703,3792,164,94,1751,35.5%,3183,64.5%,417,8.5%,2115,42.9%,1932,39.2%,94,1.9%,376,7.6%,1020,20.7%,822,16.7%,2580,52.3%
79,2015-16,5411,0,0,0,0,1,1,2,5,32,149,493,3904,126,698,1929,35.6%,3482,64.4%,516,9.5%,2127,39.3%,2274,42.0%,111,2.1%,383,7.1%,924,17.1%,755,14.0%,2494,46.1%
84,2011-12,47988,0,6390,6619,5919,4577,3353,4429,4227,3433,2325,2582,1774,1543,817,24513,51.1%,23475,48.9%,820,1.7%,28910,60.2%,15919,33.2%,768,1.6%,1571,3.3%,6427,13.4%,2803,5.8%,38634,80.5%
84,2012-13,58797,0,7728,7407,6806,5859,4372,5431,5139,4073,3285,3530,2264,1605,1298,30172,51.3%,28625,48.7%,1161,2.0%,34553,58.8%,20171,34.3%,954,1.6%,1958,3.3%,8375,14.2%,3668,6.2%,47509,80.8%
84,2013-14,71905,0,9670,9045,7701,6746,5601,6630,6593,4930,3894,4736,2974,1948,1437,36671,51.0%,35234,49.0%,1516,2.1%,41388,57.6%,25078,34.9%,1287,1.8%,2636,3.7%,11208,15.6%,4541,6.3%,57265,79.6%
84,2014-15,84717,194,10575,10681,9011,7659,6530,7567,7754,6503,4765,5258,3795,2542,1883,43183,51.0%,41534,49.0%,1909,2.3%,47728,56.3%,30352,35.8%,1442,1.7%,3286,3.9%,13374,15.8%,5285,6.2%,66053,78.0%
84,2015-16,95172,510,10575,10948,10582,8753,7229,7804,9046,7517,6150,5849,4391,3346,2472,48395,50.9%,46777,49.1%,2308,2.4%,52225,54.9%,34871,36.6%,1833,1.9%,3935,4.1%,14646,15.4%,6010,6.3%,69339,72.9%